data,valor
2003-01-01,67.21946
2003-02-01,68.97643
2003-03-01,72.29326
2003-04-01,71.43628
2003-05-01,70.1152
2003-06-01,68.91631
2003-07-01,72.04281
2003-08-01,70.93839
2003-09-01,71.91676
2003-10-01,73.44348
2003-11-01,71.27396
2003-12-01,69.72343
2004-01-01,68.92006
2004-02-01,69.52529
2004-03-01,78.28272
2004-04-01,75.05408
2004-05-01,74.12264
2004-06-01,74.8021
2004-07-01,77.92976
2004-08-01,77.35586
2004-09-01,76.3484
2004-10-01,76.12333
2004-11-01,76.60985
2004-12-01,75.19447
2005-01-01,72.37161
2005-02-01,72.70712
2005-03-01,80.69004
2005-04-01,78.54279
2005-05-01,77.50054
2005-06-01,77.94463
2005-07-01,79.10287
2005-08-01,80.50037
2005-09-01,77.5651
2005-10-01,77.82815
2005-11-01,78.11027
2005-12-01,77.77351
2006-01-01,75.88784
2006-02-01,75.35917
2006-03-01,83.25594
2006-04-01,78.72484
2006-05-01,81.92529
2006-06-01,79.97493
2006-07-01,83.47389
2006-08-01,84.63294
2006-09-01,81.24342
2006-10-01,83.42075
2006-11-01,82.96062
2006-12-01,81.30594
2007-01-01,80.24445
2007-02-01,79.2248
2007-03-01,87.46004
2007-04-01,84.09477
2007-05-01,86.61656
2007-06-01,85.55001
2007-07-01,89.3783
2007-08-01,90.21732
2007-09-01,86.15327
2007-10-01,90.29957
2007-11-01,87.99941
2007-12-01,85.5877
2008-01-01,85.18682
2008-02-01,85.22236
2008-03-01,90.17444
2008-04-01,90.51597
2008-05-01,90.12704
2008-06-01,91.29045
2008-07-01,95.44779
2008-08-01,93.58642
2008-09-01,92.69848
2008-10-01,92.83514
2008-11-01,87.09377
2008-12-01,83.12093
2009-01-01,80.53249
2009-02-01,80.57285
2009-03-01,89.34958
2009-04-01,86.05167
2009-05-01,86.97039
2009-06-01,87.81204
2009-07-01,91.8839
2009-08-01,91.37021
2009-09-01,90.7467
2009-10-01,92.61693
2009-11-01,90.61599
2009-12-01,90.3417
2010-01-01,87.95073
2010-02-01,89.2082
2010-03-01,100.27541
2010-04-01,95.68108
2010-05-01,95.43694
2010-06-01,95.13715
2010-07-01,99.01683
2010-08-01,98.95167
2010-09-01,97.49349
2010-10-01,97.40107
2010-11-01,97.64718
2010-12-01,95.55545
2011-01-01,92.7421
2011-02-01,95.20147
2011-03-01,101.32079
2011-04-01,97.79101
2011-05-01,100.1305
2011-06-01,99.09368
2011-07-01,101.50278
2011-08-01,103.11943
2011-09-01,99.48251
2011-10-01,99.28163
2011-11-01,99.17778
2011-12-01,97.33476
2012-01-01,93.21404
2012-02-01,94.62034
2012-03-01,102.30938
2012-04-01,97.76634
2012-05-01,101.05862
2012-06-01,99.46316
2012-07-01,103.08608
2012-08-01,104.79788
2012-09-01,98.98775
2012-10-01,103.2594
2012-11-01,100.77567
2012-12-01,97.53341
2013-01-01,97.39647
2013-02-01,95.17075
2013-03-01,103.47121
2013-04-01,104.71737
2013-05-01,102.78423
2013-06-01,101.27879
2013-07-01,106.3486
2013-08-01,106.12623
2013-09-01,102.95261
2013-10-01,106.19318
2013-11-01,103.31712
2013-12-01,101.90637
2014-01-01,99.77053
2014-02-01,100.33799
2014-03-01,104.18324
2014-04-01,103.24963
2014-05-01,102.86508
2014-06-01,98.48872
2014-07-01,104.75648
2014-08-01,103.65527
2014-09-01,103.54909
2014-10-01,104.65537
2014-11-01,101.31122
2014-12-01,101.69979
2015-01-01,96.97413
2015-02-01,95.68271
2015-03-01,104.38331
2015-04-01,99.46569
2015-05-01,97.52132
2015-06-01,96.82323
2015-07-01,99.85211
2015-08-01,98.19481
2015-09-01,96.42293
2015-10-01,97.72939
2015-11-01,95.06075
2015-12-01,95.4024
2016-01-01,89.87709
2016-02-01,91.48474
2016-03-01,97.99461
2016-04-01,94.91412
2016-05-01,93.12053
2016-06-01,94.47196
2016-07-01,95.35988
2016-08-01,96.30036
2016-09-01,93.62364
2016-10-01,92.73536
2016-11-01,92.62419
2016-12-01,93.55468
2017-01-01,89.90485
2017-02-01,90.44495
2017-03-01,99.01743
2017-04-01,93.36953
2017-05-01,94.65314
2017-06-01,94.31919
2017-07-01,96.53844
2017-08-01,97.75207
2017-09-01,94.18206
2017-10-01,95.01828
2017-11-01,94.53863
2017-12-01,95.0903
2018-01-01,92.28505
2018-02-01,90.82769
2018-03-01,98.72895
2018-04-01,97.03901
2018-05-01,92.31211
2018-06-01,95.72044
2018-07-01,98.43305
2018-08-01,100.01927
2018-09-01,94.84661
2018-10-01,97.74763
2018-11-01,96.34561
2018-12-01,95.54018
2019-01-01,93.18293
2019-02-01,93.75182
2019-03-01,97.03415
2019-04-01,97.42486
2019-05-01,97.38199
2019-06-01,94.46187
2019-07-01,99.98596
2019-08-01,99.30194
2019-09-01,96.56002
2019-10-01,99.88081
2019-11-01,97.26186
2019-12-01,96.42316
2020-01-01,93.56467
2020-02-01,94.02127
2020-03-01,95.2606
2020-04-01,83.69415
2020-05-01,84.23727
2020-06-01,88.85641
2020-07-01,95.42899
2020-08-01,94.95091
2020-09-01,95.78315
2020-10-01,97.82271
2020-11-01,96.62637
2020-12-01,97.50542
2021-01-01,91.88341
2021-02-01,94.06464
2021-03-01,101.09039
2021-04-01,97.40195
2021-05-01,96.01473
2021-06-01,96.4674
2021-07-01,99.8352
2021-08-01,99.19351
2021-09-01,97.10777
2021-10-01,96.53041
2021-11-01,97.85277
2021-12-01,99.32258
2022-01-01,91.67776
2022-02-01,95.63729
2022-03-01,104.53237
2022-04-01,100.22938
2022-05-01,99.74383
2022-06-01,99.31653
2022-07-01,103.95991
2022-08-01,104.51156
2022-09-01,101.1889
2022-10-01,100.08177
2022-11-01,99.15032
2022-12-01,99.97037
2023-01-01,95.09953
2023-02-01,98.64798
2023-03-01,110.61922
2023-04-01,104.04095
2023-05-01,102.71375
2023-06-01,102.28352
2023-07-01,105.34474
2023-08-01,106.05687
2023-09-01,101.75897
2023-10-01,101.9338
2023-11-01,101.68042
2023-12-01,101.68469
2024-01-01,99.29718
2024-02-01,102.15036
2024-03-01,109.56901
2024-04-01,109.2572
2024-05-01,104.71213
2024-06-01,105.86915
2024-07-01,111.509
2024-08-01,110.06254
2024-09-01,107.07852
2024-10-01,109.18379
2024-11-01,105.49006
2024-12-01,104.15552
2025-01-01,102.62949
2025-02-01,106.82599
2025-03-01,114.02067
2025-04-01,112.59512
2025-05-01,108.55704
2025-06-01,107.36219
2025-07-01,113.10928
2025-08-01,110.38054
2025-09-01,109.48375
2025-10-01,110.07682
2025-11-01,106.59892
2025-12-01,107.18417
2026-01-01,103.77761
2026-02-01,106.76075
2026-03-01,118.01719
2026-04-01,113.99295
2026-05-01,109.65479
2026-06-01,109.94156
2026-07-01,114.40189
